INSERT INTO [dbo].[AspNetRoles] ([Id], [Name], [NormalizedName], [ConcurrencyStamp]) VALUES (N'1', N'Administrator', N'Administrator', NULL)
INSERT INTO [dbo].[AspNetRoles] ([Id], [Name], [NormalizedName], [ConcurrencyStamp]) VALUES (N'2', N'Moderator', N'Moderator', NULL)
INSERT INTO [dbo].[AspNetUsers] ([Id], [UserName], [NormalizedUserName], [Email], [NormalizedEmail], [EmailConfirmed], [PasswordHash], [SecurityStamp], [ConcurrencyStamp], [PhoneNumber], [PhoneNumberConfirmed], [TwoFactorEnabled], [LockoutEnd], [LockoutEnabled], [AccessFailedCount]) VALUES (N'7ebf0164-4031-4bbe-abbd-9a257d005de4', N'user@theminiindex.com', N'USER@THEMINIINDEX.COM', N'user@theminiindex.com', N'USER@THEMINIINDEX.COM', 0, N'AQAAAAEAACcQAAAAEHT7xQxEO2VbFtyTgqef0abm5s9QC4WThwYJ6AR+nwzA6U3dSpsGG71oe9QXDbyQxQ==', N'FFWX2IO3RSEYLGR3OAZPX6WEQ322HLJL', N'c36f5e74-d0a8-4f15-86eb-edae306f2ae9', NULL, 0, 0, NULL, 1, 0)
INSERT INTO [dbo].[AspNetUsers] ([Id], [UserName], [NormalizedUserName], [Email], [NormalizedEmail], [EmailConfirmed], [PasswordHash], [SecurityStamp], [ConcurrencyStamp], [PhoneNumber], [PhoneNumberConfirmed], [TwoFactorEnabled], [LockoutEnd], [LockoutEnabled], [AccessFailedCount]) VALUES (N'f916b068-d810-4107-b379-322601d51aa8', N'admin@theminiindex.com', N'ADMIN@THEMINIINDEX.COM', N'admin@theminiindex.com', N'ADMIN@THEMINIINDEX.COM', 0, N'AQAAAAEAACcQAAAAEBsM5TvY6siajVqBTZmWai93T+eSC8gv09Tei/3ywi1s2t77RLZwnXfs2R1OpW7ZOA==', N'WC4UHQDB2DJVAM4AHJSYE377GHY5F53Z', N'ec3cf4c2-4717-4e73-82cd-e7fa133a5aab', NULL, 0, 0, NULL, 1, 0)
INSERT INTO [dbo].[AspNetUserRoles] ([UserId], [RoleId]) VALUES (N'f916b068-d810-4107-b379-322601d51aa8', N'2')

SET IDENTITY_INSERT [dbo].[Creator] ON
INSERT INTO [dbo].[Creator] ([ID], [Name]) VALUES (1, N'mz4250')
INSERT INTO [dbo].[Creator] ([ID], [Name]) VALUES (7, N'Curufin')
INSERT INTO [dbo].[Creator] ([ID], [Name]) VALUES (9, N'rgsculpt')
INSERT INTO [dbo].[Creator] ([ID], [Name]) VALUES (11, N'dutchmogul')
SET IDENTITY_INSERT [dbo].[Creator] OFF
                                                                                          
SET IDENTITY_INSERT [dbo].[Mini] ON
INSERT INTO [dbo].[Mini] ([ID], [Name], [Link], [Thumbnail], [CreatorID], [Status], [UserId], [Cost]) VALUES (1, N'Silver Dragon Flying - Last model to be posted on Thingiverse', N'https://www.thingiverse.com/thing:4056116', N'https://cdn.thingiverse.com/assets/ca/13/c1/8e/12/Silver_Dragon_Flying.JPG', 1, 1, N'f916b068-d810-4107-b379-322601d51aa8', 0)
INSERT INTO [dbo].[Mini] ([ID], [Name], [Link], [Thumbnail], [CreatorID], [Status], [UserId], [Cost]) VALUES (2, N'Cthulhu', N'https://www.thingiverse.com/thing:4051986', N'https://cdn.thingiverse.com/assets/05/68/5b/df/96/featured_preview_Cthulhu_modeled.JPG', 1, 1, N'f916b068-d810-4107-b379-322601d51aa8', 0)
INSERT INTO [dbo].[Mini] ([ID], [Name], [Link], [Thumbnail], [CreatorID], [Status], [UserId], [Cost]) VALUES (3, N'Smoke Demon', N'https://www.thingiverse.com/thing:4045409', N'https://cdn.thingiverse.com/assets/8a/b5/c3/16/31/featured_preview_Smoke_Demon.JPG', 1, 1, N'f916b068-d810-4107-b379-322601d51aa8', 0)
INSERT INTO [dbo].[Mini] ([ID], [Name], [Link], [Thumbnail], [CreatorID], [Status], [UserId], [Cost]) VALUES (4, N'Ghouls Updated', N'https://www.thingiverse.com/thing:4045105', N'https://cdn.thingiverse.com/assets/38/af/1e/5d/82/featured_preview_Ghast.JPG', 1, 1, N'f916b068-d810-4107-b379-322601d51aa8', 0)
INSERT INTO [dbo].[Mini] ([ID], [Name], [Link], [Thumbnail], [CreatorID], [Status], [UserId], [Cost]) VALUES (5, N'Monodrone Updated', N'https://www.shapeways.com/product/3L9LYNJ25/monodrone-updated', N'https://images4.sw-cdn.net/product/picture/674x501_30404907_16231169_1579641127.jpg', 1, 1, N'f916b068-d810-4107-b379-322601d51aa8', 0)
INSERT INTO [dbo].[Mini] ([ID], [Name], [Link], [Thumbnail], [CreatorID], [Status], [UserId], [Cost]) VALUES (6, N'Young Black Dragon', N'https://www.shapeways.com/product/K44DN5U2B/young-black-dragon', N'https://images2.sw-cdn.net/product/picture/674x501_22687750_12620531_1527784839.jpg', 1, 1, N'f916b068-d810-4107-b379-322601d51aa8', 0)
INSERT INTO [dbo].[Mini] ([ID], [Name], [Link], [Thumbnail], [CreatorID], [Status], [UserId], [Cost]) VALUES (7, N'28mm Stone Lanterns (Toro)', N'https://www.myminifactory.com/object/3d-print-28mm-stone-lanterns-toro-36239', N'https://cdn.myminifactory.com/assets/object-assets/592599331a2eb/images/720X720-665ae473cc94983d24b05077c8e9884e-preview-featured.jpg', 7, 1, N'f916b068-d810-4107-b379-322601d51aa8', 0)
INSERT INTO [dbo].[Mini] ([ID], [Name], [Link], [Thumbnail], [CreatorID], [Status], [UserId], [Cost]) VALUES (8, N'28mm Gong', N'https://www.myminifactory.com/object/3d-print-28mm-gong-36238', N'https://cdn.myminifactory.com/assets/object-assets/592598e40c48a/images/720X720-39603b6a4d544f11308729b212cd1961-preview-featured.jpg', 7, 0, N'f916b068-d810-4107-b379-322601d51aa8', 0)
INSERT INTO [dbo].[Mini] ([ID], [Name], [Link], [Thumbnail], [CreatorID], [Status], [UserId], [Cost]) VALUES (9, N'Tortle Wise', N'https://gumroad.com/l/aWeIh', N'https://static-2.gumroad.com/res/gumroad/3257195892520/asset_previews/25881035acb51c2bf71faf12022834bb/retina/Wise01.jpg', 9, 1, N'f916b068-d810-4107-b379-322601d51aa8', 0)
INSERT INTO [dbo].[Mini] ([ID], [Name], [Link], [Thumbnail], [CreatorID], [Status], [UserId], [Cost]) VALUES (10, N'Tortle Lancer', N'https://gumroad.com/l/jwUgX', N'https://static-2.gumroad.com/res/gumroad/3257195892520/asset_previews/50837f7742a2f868b60c5d3abb384f5f/retina/Lancer01.jpg', 9, 1, N'f916b068-d810-4107-b379-322601d51aa8', 0)
INSERT INTO [dbo].[Mini] ([ID], [Name], [Link], [Thumbnail], [CreatorID], [Status], [UserId], [Cost]) VALUES (11, N'Modular Sci-Fi Hab Unit (Standard Scale)', N'https://www.thingiverse.com/thing:4114430', N'https://cdn.thingiverse.com/assets/b4/71/5c/4a/b1/featured_preview_Habsy1.png', 11, 1, N'f916b068-d810-4107-b379-322601d51aa8', 0)
INSERT INTO [dbo].[Mini] ([ID], [Name], [Link], [Thumbnail], [CreatorID], [Status], [UserId], [Cost]) VALUES (12, N'Spoolstruct: Subterranean Complex Entrance', N'https://www.thingiverse.com/thing:4095418', N'https://cdn.thingiverse.com/assets/be/da/ad/61/5d/featured_preview_Sps1.jpg', 11, 0, N'f916b068-d810-4107-b379-322601d51aa8', 0)
INSERT INTO [dbo].[Mini] ([ID], [Name], [Link], [Thumbnail], [CreatorID], [Status], [UserId], [Cost]) VALUES (13, N'28mm Metal Hatch', N'https://www.thingiverse.com/thing:3919999', N'https://cdn.thingiverse.com/assets/68/ca/3c/e4/83/featured_preview_IMG_20191006_093253.jpg', 7, 0, N'f916b068-d810-4107-b379-322601d51aa8', 0)
INSERT INTO [dbo].[Mini] ([ID], [Name], [Link], [Thumbnail], [CreatorID], [Status], [UserId], [Cost]) VALUES (14, N'28mm Ice Prison', N'https://www.thingiverse.com/thing:3892870', N'https://cdn.thingiverse.com/assets/21/1a/cc/7b/ec/featured_preview_IMG_20191002_095216.jpg', 7, 1, N'f916b068-d810-4107-b379-322601d51aa8', 0)
INSERT INTO [dbo].[Mini] ([ID], [Name], [Link], [Thumbnail], [CreatorID], [Status], [UserId], [Cost]) VALUES (15, N'Ice Bridge', N'https://www.thingiverse.com/thing:3876350', N'https://cdn.thingiverse.com/assets/19/5e/32/86/49/featured_preview_IMG_20190922_110933.jpg', 7, 0, N'f916b068-d810-4107-b379-322601d51aa8', 0)
INSERT INTO [dbo].[Mini] ([ID], [Name], [Link], [Thumbnail], [CreatorID], [Status], [UserId], [Cost]) VALUES (16, N'White Dragon Flying', N'https://www.thingiverse.com/thing:4043481', N'https://cdn.thingiverse.com/assets/3b/f6/fb/15/d9/featured_preview_White_Dragon_Flying.JPG', 1, 0, N'f916b068-d810-4107-b379-322601d51aa8', 0)
SET IDENTITY_INSERT [dbo].[Mini] OFF

SET IDENTITY_INSERT [dbo].[SourceSite] ON
INSERT INTO [dbo].[SourceSite] ([ID], [SiteName], [CreatorID], [WebsiteProfilePageURL], [WebsiteURL], [CreatorUserName]) VALUES (1, N'Thingiverse', 1, NULL, NULL, N'mz4250')
INSERT INTO [dbo].[SourceSite] ([ID], [SiteName], [CreatorID], [WebsiteProfilePageURL], [WebsiteURL], [CreatorUserName]) VALUES (5, N'Shapeways', 1, NULL, NULL, N'mz4250')
INSERT INTO [dbo].[SourceSite] ([ID], [SiteName], [CreatorID], [WebsiteProfilePageURL], [WebsiteURL], [CreatorUserName]) VALUES (7, N'MyMiniFactory', 7, NULL, NULL, N'Curufin')
INSERT INTO [dbo].[SourceSite] ([ID], [SiteName], [CreatorID], [WebsiteProfilePageURL], [WebsiteURL], [CreatorUserName]) VALUES (9, N'Gumroad', 9, NULL, NULL, N'rgsculpt')
INSERT INTO [dbo].[SourceSite] ([ID], [SiteName], [CreatorID], [WebsiteProfilePageURL], [WebsiteURL], [CreatorUserName]) VALUES (11, N'Thingiverse', 11, NULL, NULL, N'dutchmogul')
INSERT INTO [dbo].[SourceSite] ([ID], [SiteName], [CreatorID], [WebsiteProfilePageURL], [WebsiteURL], [CreatorUserName]) VALUES (13, N'Thingiverse', 7, NULL, NULL, N'Curufin')
SET IDENTITY_INSERT [dbo].[SourceSite] OFF

SET IDENTITY_INSERT [dbo].[MiniSourceSite] ON
INSERT INTO [dbo].[MiniSourceSite] ([ID], [MiniID], [SiteID], [Link]) VALUES (1, 1, 1, N'https://www.thingiverse.com/thing:4056116')
INSERT INTO [dbo].[MiniSourceSite] ([ID], [MiniID], [SiteID], [Link]) VALUES (2, 2, 1, N'https://www.thingiverse.com/thing:4051986')
INSERT INTO [dbo].[MiniSourceSite] ([ID], [MiniID], [SiteID], [Link]) VALUES (3, 3, 1, N'https://www.thingiverse.com/thing:4045409')
INSERT INTO [dbo].[MiniSourceSite] ([ID], [MiniID], [SiteID], [Link]) VALUES (4, 4, 1, N'https://www.thingiverse.com/thing:4045105')
INSERT INTO [dbo].[MiniSourceSite] ([ID], [MiniID], [SiteID], [Link]) VALUES (5, 5, 5, N'https://www.shapeways.com/product/3L9LYNJ25/monodrone-updated')
INSERT INTO [dbo].[MiniSourceSite] ([ID], [MiniID], [SiteID], [Link]) VALUES (6, 6, 5, N'https://www.shapeways.com/product/K44DN5U2B/young-black-dragon')
INSERT INTO [dbo].[MiniSourceSite] ([ID], [MiniID], [SiteID], [Link]) VALUES (7, 7, 7, N'https://www.myminifactory.com/object/3d-print-28mm-stone-lanterns-toro-36239')
INSERT INTO [dbo].[MiniSourceSite] ([ID], [MiniID], [SiteID], [Link]) VALUES (8, 8, 7, N'https://www.myminifactory.com/object/3d-print-28mm-gong-36238')
INSERT INTO [dbo].[MiniSourceSite] ([ID], [MiniID], [SiteID], [Link]) VALUES (9, 9, 9, N'https://www.gumroad.com/l/aWeIh')
INSERT INTO [dbo].[MiniSourceSite] ([ID], [MiniID], [SiteID], [Link]) VALUES (10, 10, 9, N'https://www.gumroad.com/l/jwUgX')
INSERT INTO [dbo].[MiniSourceSite] ([ID], [MiniID], [SiteID], [Link]) VALUES (11, 11, 11, N'https://www.thingiverse.com/thing:4114430')
INSERT INTO [dbo].[MiniSourceSite] ([ID], [MiniID], [SiteID], [Link]) VALUES (12, 12, 11, N'https://www.thingiverse.com/thing:4095418')
INSERT INTO [dbo].[MiniSourceSite] ([ID], [MiniID], [SiteID], [Link]) VALUES (13, 13, 13, N'https://www.thingiverse.com/thing:3919999')
INSERT INTO [dbo].[MiniSourceSite] ([ID], [MiniID], [SiteID], [Link]) VALUES (14, 14, 13, N'https://www.thingiverse.com/thing:3892870')
INSERT INTO [dbo].[MiniSourceSite] ([ID], [MiniID], [SiteID], [Link]) VALUES (15, 15, 13, N'https://www.thingiverse.com/thing:3876350')
SET IDENTITY_INSERT [dbo].[MiniSourceSite] OFF

SET IDENTITY_INSERT [dbo].[Tag] ON
INSERT INTO [dbo].[Tag] ([ID], [TagName], [Category]) VALUES (1, N'Silver Dragon', 7)
INSERT INTO [dbo].[Tag] ([ID], [TagName], [Category]) VALUES (2, N'Dragon', 6)
INSERT INTO [dbo].[Tag] ([ID], [TagName], [Category]) VALUES (3, N'Flying', 6)
INSERT INTO [dbo].[Tag] ([ID], [TagName], [Category]) VALUES (4, N'Cthulhu', 7)
INSERT INTO [dbo].[Tag] ([ID], [TagName], [Category]) VALUES (5, N'Ocean', 12)
INSERT INTO [dbo].[Tag] ([ID], [TagName], [Category]) VALUES (6, N'Demon', 6)
INSERT INTO [dbo].[Tag] ([ID], [TagName], [Category]) VALUES (7, N'Smoke Demon', 7)
INSERT INTO [dbo].[Tag] ([ID], [TagName], [Category]) VALUES (8, N'Ghoul', 7)
INSERT INTO [dbo].[Tag] ([ID], [TagName], [Category]) VALUES (9, N'Undead', 6)
INSERT INTO [dbo].[Tag] ([ID], [TagName], [Category]) VALUES (10, N'Fantasy', 2)
INSERT INTO [dbo].[Tag] ([ID], [TagName], [Category]) VALUES (11, N'Mini', 3)
INSERT INTO [dbo].[Tag] ([ID], [TagName], [Category]) VALUES (12, N'Monodrone', 7)
INSERT INTO [dbo].[Tag] ([ID], [TagName], [Category]) VALUES (13, N'Scifi', 2)
INSERT INTO [dbo].[Tag] ([ID], [TagName], [Category]) VALUES (14, N'Black Dragon', 7)
INSERT INTO [dbo].[Tag] ([ID], [TagName], [Category]) VALUES (15, N'Stone', 13)
INSERT INTO [dbo].[Tag] ([ID], [TagName], [Category]) VALUES (16, N'Lantern', 14)
INSERT INTO [dbo].[Tag] ([ID], [TagName], [Category]) VALUES (17, N'Scatter', 3)
INSERT INTO [dbo].[Tag] ([ID], [TagName], [Category]) VALUES (18, N'Gong', 14)
INSERT INTO [dbo].[Tag] ([ID], [TagName], [Category]) VALUES (19, N'Tortle', 1)
INSERT INTO [dbo].[Tag] ([ID], [TagName], [Category]) VALUES (20, N'Hatch', 14)
INSERT INTO [dbo].[Tag] ([ID], [TagName], [Category]) VALUES (21, N'Ice', 13)
SET IDENTITY_INSERT [dbo].[Tag] OFF

INSERT INTO [dbo].[MiniTag] ([MiniID], [TagID], [Status]) VALUES (1, 1, 0)
INSERT INTO [dbo].[MiniTag] ([MiniID], [TagID], [Status]) VALUES (1, 2, 0)
INSERT INTO [dbo].[MiniTag] ([MiniID], [TagID], [Status]) VALUES (1, 3, 0)
INSERT INTO [dbo].[MiniTag] ([MiniID], [TagID], [Status]) VALUES (2, 4, 0)
INSERT INTO [dbo].[MiniTag] ([MiniID], [TagID], [Status]) VALUES (2, 5, 0)
INSERT INTO [dbo].[MiniTag] ([MiniID], [TagID], [Status]) VALUES (3, 6, 0)
INSERT INTO [dbo].[MiniTag] ([MiniID], [TagID], [Status]) VALUES (3, 7, 0)
INSERT INTO [dbo].[MiniTag] ([MiniID], [TagID], [Status]) VALUES (3, 10, 0)
INSERT INTO [dbo].[MiniTag] ([MiniID], [TagID], [Status]) VALUES (3, 11, 0)
INSERT INTO [dbo].[MiniTag] ([MiniID], [TagID], [Status]) VALUES (4, 8, 0)
INSERT INTO [dbo].[MiniTag] ([MiniID], [TagID], [Status]) VALUES (4, 9, 0)
INSERT INTO [dbo].[MiniTag] ([MiniID], [TagID], [Status]) VALUES (4, 10, 0)
INSERT INTO [dbo].[MiniTag] ([MiniID], [TagID], [Status]) VALUES (4, 11, 0)
INSERT INTO [dbo].[MiniTag] ([MiniID], [TagID], [Status]) VALUES (5, 11, 0)
INSERT INTO [dbo].[MiniTag] ([MiniID], [TagID], [Status]) VALUES (5, 12, 0)
INSERT INTO [dbo].[MiniTag] ([MiniID], [TagID], [Status]) VALUES (5, 13, 0)
INSERT INTO [dbo].[MiniTag] ([MiniID], [TagID], [Status]) VALUES (6, 2, 0)
INSERT INTO [dbo].[MiniTag] ([MiniID], [TagID], [Status]) VALUES (6, 3, 0)
INSERT INTO [dbo].[MiniTag] ([MiniID], [TagID], [Status]) VALUES (6, 10, 0)
INSERT INTO [dbo].[MiniTag] ([MiniID], [TagID], [Status]) VALUES (6, 11, 0)
INSERT INTO [dbo].[MiniTag] ([MiniID], [TagID], [Status]) VALUES (6, 14, 0)
INSERT INTO [dbo].[MiniTag] ([MiniID], [TagID], [Status]) VALUES (7, 15, 0)
INSERT INTO [dbo].[MiniTag] ([MiniID], [TagID], [Status]) VALUES (7, 16, 0)
INSERT INTO [dbo].[MiniTag] ([MiniID], [TagID], [Status]) VALUES (7, 17, 0)
INSERT INTO [dbo].[MiniTag] ([MiniID], [TagID], [Status]) VALUES (8, 17, 0)
INSERT INTO [dbo].[MiniTag] ([MiniID], [TagID], [Status]) VALUES (8, 18, 0)
INSERT INTO [dbo].[MiniTag] ([MiniID], [TagID], [Status]) VALUES (9, 10, 0)
INSERT INTO [dbo].[MiniTag] ([MiniID], [TagID], [Status]) VALUES (9, 11, 0)
INSERT INTO [dbo].[MiniTag] ([MiniID], [TagID], [Status]) VALUES (9, 19, 0)
INSERT INTO [dbo].[MiniTag] ([MiniID], [TagID], [Status]) VALUES (10, 10, 0)
INSERT INTO [dbo].[MiniTag] ([MiniID], [TagID], [Status]) VALUES (10, 11, 0)
INSERT INTO [dbo].[MiniTag] ([MiniID], [TagID], [Status]) VALUES (10, 19, 0)
INSERT INTO [dbo].[MiniTag] ([MiniID], [TagID], [Status]) VALUES (11, 13, 0)
INSERT INTO [dbo].[MiniTag] ([MiniID], [TagID], [Status]) VALUES (12, 13, 0)
INSERT INTO [dbo].[MiniTag] ([MiniID], [TagID], [Status]) VALUES (13, 20, 0)
INSERT INTO [dbo].[MiniTag] ([MiniID], [TagID], [Status]) VALUES (14, 21, 0)
