INSERT INTO [dbo].[AspNetRoles] ([Id], [Name], [NormalizedName], [ConcurrencyStamp]) VALUES (N'1', N'Administrator', N'Administrator', NULL)
INSERT INTO [dbo].[AspNetRoles] ([Id], [Name], [NormalizedName], [ConcurrencyStamp]) VALUES (N'2', N'Moderator', N'Moderator', NULL)
INSERT INTO [dbo].[AspNetUsers] ([Id], [UserName], [NormalizedUserName], [Email], [NormalizedEmail], [EmailConfirmed], [PasswordHash], [SecurityStamp], [ConcurrencyStamp], [PhoneNumber], [PhoneNumberConfirmed], [TwoFactorEnabled], [LockoutEnd], [LockoutEnabled], [AccessFailedCount]) VALUES (N'7ebf0164-4031-4bbe-abbd-9a257d005de4', N'user@theminiindex.com', N'USER@THEMINIINDEX.COM', N'user@theminiindex.com', N'USER@THEMINIINDEX.COM', 0, N'AQAAAAEAACcQAAAAEHT7xQxEO2VbFtyTgqef0abm5s9QC4WThwYJ6AR+nwzA6U3dSpsGG71oe9QXDbyQxQ==', N'FFWX2IO3RSEYLGR3OAZPX6WEQ322HLJL', N'c36f5e74-d0a8-4f15-86eb-edae306f2ae9', NULL, 0, 0, NULL, 1, 0)
INSERT INTO [dbo].[AspNetUsers] ([Id], [UserName], [NormalizedUserName], [Email], [NormalizedEmail], [EmailConfirmed], [PasswordHash], [SecurityStamp], [ConcurrencyStamp], [PhoneNumber], [PhoneNumberConfirmed], [TwoFactorEnabled], [LockoutEnd], [LockoutEnabled], [AccessFailedCount]) VALUES (N'f916b068-d810-4107-b379-322601d51aa8', N'admin@theminiindex.com', N'ADMIN@THEMINIINDEX.COM', N'admin@theminiindex.com', N'ADMIN@THEMINIINDEX.COM', 0, N'AQAAAAEAACcQAAAAEBsM5TvY6siajVqBTZmWai93T+eSC8gv09Tei/3ywi1s2t77RLZwnXfs2R1OpW7ZOA==', N'WC4UHQDB2DJVAM4AHJSYE377GHY5F53Z', N'ec3cf4c2-4717-4e73-82cd-e7fa133a5aab', NULL, 0, 0, NULL, 1, 0)
INSERT INTO [dbo].[AspNetUserRoles] ([UserId], [RoleId]) VALUES (N'f916b068-d810-4107-b379-322601d51aa8', N'2')

SET IDENTITY_INSERT [dbo].[Creator] ON
INSERT INTO [dbo].[Creator] ([ID], [Name], [PatreonURL], [ThingiverseURL], [WebsiteURL], [ShapewaysURL]) VALUES (1, N'Valandar', N'', N'https://www.thingiverse.com/Valandar', NULL, NULL)
INSERT INTO [dbo].[Creator] ([ID], [Name], [PatreonURL], [ThingiverseURL], [WebsiteURL], [ShapewaysURL]) VALUES (2, N'mz4250', N'https://www.patreon.com/mz4250/', N'https://www.thingiverse.com/mz4250', NULL, NULL)
INSERT INTO [dbo].[Creator] ([ID], [Name], [PatreonURL], [ThingiverseURL], [WebsiteURL], [ShapewaysURL]) VALUES (3, N'dutchmogul ', N'https://www.patreon.com/illgottengames', N'https://www.thingiverse.com/dutchmogul', N'http://www.illgottengames.net/', NULL)
INSERT INTO [dbo].[Creator] ([ID], [Name], [PatreonURL], [ThingiverseURL], [WebsiteURL], [ShapewaysURL]) VALUES (4, N'devonjones', N'https://www.patreon.com/masterworktools', N'https://www.thingiverse.com/devonjones', NULL, NULL)
INSERT INTO [dbo].[Creator] ([ID], [Name], [PatreonURL], [ThingiverseURL], [WebsiteURL], [ShapewaysURL]) VALUES (5, N'ecaroth', NULL, N'https://www.thingiverse.com/ecaroth', N'https://www.heroshoard.com/', NULL)
INSERT INTO [dbo].[Creator] ([ID], [Name], [PatreonURL], [ThingiverseURL], [WebsiteURL], [ShapewaysURL]) VALUES (2007, N'Curufin', NULL, N'https://www.thingiverse.com/Curufin', NULL, NULL)
INSERT INTO [dbo].[Creator] ([ID], [Name], [PatreonURL], [ThingiverseURL], [WebsiteURL], [ShapewaysURL]) VALUES (4011, N'M3DM', NULL, N'https://www.thingiverse.com/M3DM', NULL, NULL)
SET IDENTITY_INSERT [dbo].[Creator] OFF

                                                                                          
SET IDENTITY_INSERT [dbo].[Mini] ON
INSERT INTO [dbo].[Mini] ([ID], [Name], [Link], [CreatorID], [Thumbnail], [Status], [UserId], [Cost]) VALUES (13060, N'28mm Modular Bar OpenLOCK', N'https://www.thingiverse.com/thing:3543559', 2007, N'https://cdn.thingiverse.com/assets/88/23/25/7a/8d/IMG_20190405_152118.jpg', 1, N'f916b068-d810-4107-b379-322601d51aa8', 0)
INSERT INTO [dbo].[Mini] ([ID], [Name], [Link], [CreatorID], [Thumbnail], [Status], [UserId], [Cost]) VALUES (13061, N'Medusa - Tabletop Miniature', N'https://www.thingiverse.com/thing:4003320', 4011, N'https://cdn.thingiverse.com/assets/3f/81/16/df/4a/Medusa_1.jpg', 1, N'f916b068-d810-4107-b379-322601d51aa8', 0)
INSERT INTO [dbo].[Mini] ([ID], [Name], [Link], [CreatorID], [Thumbnail], [Status], [UserId], [Cost]) VALUES (13062, N'Eladrin Shadow Sorceress', N'https://www.thingiverse.com/thing:3977576', 1, N'https://cdn.thingiverse.com/assets/54/70/5f/59/c9/El_Shad_Sorc.jpg', 1, N'f916b068-d810-4107-b379-322601d51aa8', 0)
INSERT INTO [dbo].[Mini] ([ID], [Name], [Link], [CreatorID], [Thumbnail], [Status], [UserId], [Cost]) VALUES (13064, N'Female Gnome Monk', N'https://www.thingiverse.com/thing:3950210', 1, N'https://cdn.thingiverse.com/assets/5b/76/82/b3/23/FGnomeMonk.jpg', 1, N'f916b068-d810-4107-b379-322601d51aa8', 0)
INSERT INTO [dbo].[Mini] ([ID], [Name], [Link], [CreatorID], [Thumbnail], [Status], [UserId], [Cost]) VALUES (13065, N'28mm Metal Hatch', N'https://www.thingiverse.com/thing:3919999', 2007, N'https://cdn.thingiverse.com/assets/b1/20/d5/ab/fb/IMG_20191006_093253.jpg', 1, N'f916b068-d810-4107-b379-322601d51aa8', 0)
INSERT INTO [dbo].[Mini] ([ID], [Name], [Link], [CreatorID], [Thumbnail], [Status], [UserId], [Cost]) VALUES (13066, N'28mm Ice Prison', N'https://www.thingiverse.com/thing:3892870', 2007, N'https://cdn.thingiverse.com/assets/72/de/48/18/d3/IMG_20191002_095216.jpg', 1, N'f916b068-d810-4107-b379-322601d51aa8', 0)
INSERT INTO [dbo].[Mini] ([ID], [Name], [Link], [CreatorID], [Thumbnail], [Status], [UserId], [Cost]) VALUES (13067, N'Displacer Beast - Unofficial Fan Art', N'https://www.thingiverse.com/thing:3351542', 4011, N'https://cdn.thingiverse.com/assets/23/47/1b/29/d2/1.png', 1, N'f916b068-d810-4107-b379-322601d51aa8', 0)
INSERT INTO [dbo].[Mini] ([ID], [Name], [Link], [CreatorID], [Thumbnail], [Status], [UserId], [Cost]) VALUES (13068, N'Female Bard with Lute', N'https://www.thingiverse.com/thing:4001491', 4011, N'https://cdn.thingiverse.com/assets/e5/7d/9d/7e/42/Female_Bard_with_Lute_1.jpg', 1, N'f916b068-d810-4107-b379-322601d51aa8', 0)
INSERT INTO [dbo].[Mini] ([ID], [Name], [Link], [CreatorID], [Thumbnail], [Status], [UserId], [Cost]) VALUES (13069, N'Salamander, Frost', N'https://www.shapeways.com/product/mhansfmqy/salamander-frost', 2, N'https://images1.sw-cdn.net/product/picture/710x528_29755079_15920856_1574698179.jpg', 1, N'f916b068-d810-4107-b379-322601d51aa8', 0)
INSERT INTO [dbo].[Mini] ([ID], [Name], [Link], [CreatorID], [Thumbnail], [Status], [UserId], [Cost]) VALUES (13070, N'Tiefling Female Death Cleric 3', N'https://www.shapeways.com/product/q6fgzl5sm/tiefling-female-death-cleric-3', 2, N'https://images4.sw-cdn.net/product/picture/710x528_29724968_15908307_1574447068.jpg', 1, N'f916b068-d810-4107-b379-322601d51aa8', 0)
INSERT INTO [dbo].[Mini] ([ID], [Name], [Link], [CreatorID], [Thumbnail], [Status], [UserId], [Cost]) VALUES (13071, N'Komondor Dogfolk Fighter', N'https://www.shapeways.com/product/gmxvbpalf/komondor-dogfolk-fighter', 2, N'https://images3.sw-cdn.net/product/picture/710x528_29724691_15908201_1574445583.jpg', 1, N'f916b068-d810-4107-b379-322601d51aa8', 0)
SET IDENTITY_INSERT [dbo].[Mini] OFF

SET IDENTITY_INSERT [dbo].[Tag] ON
INSERT INTO [dbo].[Tag] ([ID], [TagName], [Category]) VALUES (8126, N'Fantasy', 2)
INSERT INTO [dbo].[Tag] ([ID], [TagName], [Category]) VALUES (8127, N'Bar', 14)
INSERT INTO [dbo].[Tag] ([ID], [TagName], [Category]) VALUES (8128, N'Tavern', 12)
INSERT INTO [dbo].[Tag] ([ID], [TagName], [Category]) VALUES (8129, N'Inn', 12)
INSERT INTO [dbo].[Tag] ([ID], [TagName], [Category]) VALUES (8130, N'Openlock', 13)
INSERT INTO [dbo].[Tag] ([ID], [TagName], [Category]) VALUES (8131, N'Scatter', 3)
INSERT INTO [dbo].[Tag] ([ID], [TagName], [Category]) VALUES (8132, N'Furniture', 14)
INSERT INTO [dbo].[Tag] ([ID], [TagName], [Category]) VALUES (8133, N'Medua', NULL)
INSERT INTO [dbo].[Tag] ([ID], [TagName], [Category]) VALUES (8134, N'Medusa', 7)
INSERT INTO [dbo].[Tag] ([ID], [TagName], [Category]) VALUES (8135, N'Female', 0)
INSERT INTO [dbo].[Tag] ([ID], [TagName], [Category]) VALUES (8136, N'Monster', 6)
INSERT INTO [dbo].[Tag] ([ID], [TagName], [Category]) VALUES (8137, N'eldarin', 1)
INSERT INTO [dbo].[Tag] ([ID], [TagName], [Category]) VALUES (8138, N'elf', 1)
INSERT INTO [dbo].[Tag] ([ID], [TagName], [Category]) VALUES (8139, N'sorcerer', 8)
INSERT INTO [dbo].[Tag] ([ID], [TagName], [Category]) VALUES (8140, N'fire', 13)
INSERT INTO [dbo].[Tag] ([ID], [TagName], [Category]) VALUES (8141, N'robe', 11)
INSERT INTO [dbo].[Tag] ([ID], [TagName], [Category]) VALUES (8142, N'gnome', 1)
INSERT INTO [dbo].[Tag] ([ID], [TagName], [Category]) VALUES (8143, N'scythe', 9)
INSERT INTO [dbo].[Tag] ([ID], [TagName], [Category]) VALUES (8144, N'monk', 8)
INSERT INTO [dbo].[Tag] ([ID], [TagName], [Category]) VALUES (8145, N'light armor', 10)
INSERT INTO [dbo].[Tag] ([ID], [TagName], [Category]) VALUES (8146, N'hatch', 14)
INSERT INTO [dbo].[Tag] ([ID], [TagName], [Category]) VALUES (8147, N'metal', 13)
INSERT INTO [dbo].[Tag] ([ID], [TagName], [Category]) VALUES (8148, N'steampunk', 13)
INSERT INTO [dbo].[Tag] ([ID], [TagName], [Category]) VALUES (8149, N'ice', 13)
INSERT INTO [dbo].[Tag] ([ID], [TagName], [Category]) VALUES (8150, N'prison', 13)
INSERT INTO [dbo].[Tag] ([ID], [TagName], [Category]) VALUES (8151, N'displacer beast', 7)
INSERT INTO [dbo].[Tag] ([ID], [TagName], [Category]) VALUES (8152, N'beast', 6)
INSERT INTO [dbo].[Tag] ([ID], [TagName], [Category]) VALUES (8153, N'bard', 8)
INSERT INTO [dbo].[Tag] ([ID], [TagName], [Category]) VALUES (8154, N'lute', 9)
INSERT INTO [dbo].[Tag] ([ID], [TagName], [Category]) VALUES (8155, N'salamander', 7)
INSERT INTO [dbo].[Tag] ([ID], [TagName], [Category]) VALUES (8156, N'tiefling', 1)
INSERT INTO [dbo].[Tag] ([ID], [TagName], [Category]) VALUES (8157, N'caster', 8)
INSERT INTO [dbo].[Tag] ([ID], [TagName], [Category]) VALUES (8158, N'dogfolk', 1)
INSERT INTO [dbo].[Tag] ([ID], [TagName], [Category]) VALUES (8159, N'greatsword', 9)
INSERT INTO [dbo].[Tag] ([ID], [TagName], [Category]) VALUES (8160, N'sword', 9)
INSERT INTO [dbo].[Tag] ([ID], [TagName], [Category]) VALUES (8161, N'heavy armor', 10)
SET IDENTITY_INSERT [dbo].[Tag] OFF

INSERT INTO [dbo].[MiniTag] ([TagID], [MiniID], [Status]) VALUES (8126, 13060, 0)
INSERT INTO [dbo].[MiniTag] ([TagID], [MiniID], [Status]) VALUES (8127, 13060, 0)
INSERT INTO [dbo].[MiniTag] ([TagID], [MiniID], [Status]) VALUES (8128, 13060, 0)
INSERT INTO [dbo].[MiniTag] ([TagID], [MiniID], [Status]) VALUES (8129, 13060, 0)
INSERT INTO [dbo].[MiniTag] ([TagID], [MiniID], [Status]) VALUES (8130, 13060, 0)
INSERT INTO [dbo].[MiniTag] ([TagID], [MiniID], [Status]) VALUES (8131, 13060, 0)
INSERT INTO [dbo].[MiniTag] ([TagID], [MiniID], [Status]) VALUES (8132, 13060, 0)
INSERT INTO [dbo].[MiniTag] ([TagID], [MiniID], [Status]) VALUES (8126, 13061, 0)
INSERT INTO [dbo].[MiniTag] ([TagID], [MiniID], [Status]) VALUES (8134, 13061, 0)
INSERT INTO [dbo].[MiniTag] ([TagID], [MiniID], [Status]) VALUES (8135, 13061, 0)
INSERT INTO [dbo].[MiniTag] ([TagID], [MiniID], [Status]) VALUES (8136, 13061, 0)
INSERT INTO [dbo].[MiniTag] ([TagID], [MiniID], [Status]) VALUES (8126, 13062, 0)
INSERT INTO [dbo].[MiniTag] ([TagID], [MiniID], [Status]) VALUES (8135, 13062, 0)
INSERT INTO [dbo].[MiniTag] ([TagID], [MiniID], [Status]) VALUES (8137, 13062, 0)
INSERT INTO [dbo].[MiniTag] ([TagID], [MiniID], [Status]) VALUES (8138, 13062, 0)
INSERT INTO [dbo].[MiniTag] ([TagID], [MiniID], [Status]) VALUES (8139, 13062, 0)
INSERT INTO [dbo].[MiniTag] ([TagID], [MiniID], [Status]) VALUES (8140, 13062, 0)
INSERT INTO [dbo].[MiniTag] ([TagID], [MiniID], [Status]) VALUES (8141, 13062, 0)
INSERT INTO [dbo].[MiniTag] ([TagID], [MiniID], [Status]) VALUES (8126, 13064, 0)
INSERT INTO [dbo].[MiniTag] ([TagID], [MiniID], [Status]) VALUES (8135, 13064, 0)
INSERT INTO [dbo].[MiniTag] ([TagID], [MiniID], [Status]) VALUES (8142, 13064, 0)
INSERT INTO [dbo].[MiniTag] ([TagID], [MiniID], [Status]) VALUES (8143, 13064, 0)
INSERT INTO [dbo].[MiniTag] ([TagID], [MiniID], [Status]) VALUES (8144, 13064, 0)
INSERT INTO [dbo].[MiniTag] ([TagID], [MiniID], [Status]) VALUES (8145, 13064, 0)
INSERT INTO [dbo].[MiniTag] ([TagID], [MiniID], [Status]) VALUES (8131, 13065, 0)
INSERT INTO [dbo].[MiniTag] ([TagID], [MiniID], [Status]) VALUES (8146, 13065, 0)
INSERT INTO [dbo].[MiniTag] ([TagID], [MiniID], [Status]) VALUES (8147, 13065, 0)
INSERT INTO [dbo].[MiniTag] ([TagID], [MiniID], [Status]) VALUES (8148, 13065, 0)
INSERT INTO [dbo].[MiniTag] ([TagID], [MiniID], [Status]) VALUES (8126, 13066, 0)
INSERT INTO [dbo].[MiniTag] ([TagID], [MiniID], [Status]) VALUES (8149, 13066, 0)
INSERT INTO [dbo].[MiniTag] ([TagID], [MiniID], [Status]) VALUES (8150, 13066, 0)
INSERT INTO [dbo].[MiniTag] ([TagID], [MiniID], [Status]) VALUES (8126, 13067, 0)
INSERT INTO [dbo].[MiniTag] ([TagID], [MiniID], [Status]) VALUES (8136, 13067, 0)
INSERT INTO [dbo].[MiniTag] ([TagID], [MiniID], [Status]) VALUES (8151, 13067, 0)
INSERT INTO [dbo].[MiniTag] ([TagID], [MiniID], [Status]) VALUES (8152, 13067, 0)
INSERT INTO [dbo].[MiniTag] ([TagID], [MiniID], [Status]) VALUES (8126, 13068, 0)
INSERT INTO [dbo].[MiniTag] ([TagID], [MiniID], [Status]) VALUES (8135, 13068, 0)
INSERT INTO [dbo].[MiniTag] ([TagID], [MiniID], [Status]) VALUES (8138, 13068, 0)
INSERT INTO [dbo].[MiniTag] ([TagID], [MiniID], [Status]) VALUES (8153, 13068, 0)
INSERT INTO [dbo].[MiniTag] ([TagID], [MiniID], [Status]) VALUES (8154, 13068, 0)
INSERT INTO [dbo].[MiniTag] ([TagID], [MiniID], [Status]) VALUES (8126, 13069, 0)
INSERT INTO [dbo].[MiniTag] ([TagID], [MiniID], [Status]) VALUES (8136, 13069, 0)
INSERT INTO [dbo].[MiniTag] ([TagID], [MiniID], [Status]) VALUES (8149, 13069, 0)
INSERT INTO [dbo].[MiniTag] ([TagID], [MiniID], [Status]) VALUES (8155, 13069, 0)
INSERT INTO [dbo].[MiniTag] ([TagID], [MiniID], [Status]) VALUES (8126, 13070, 0)
INSERT INTO [dbo].[MiniTag] ([TagID], [MiniID], [Status]) VALUES (8141, 13070, 0)
INSERT INTO [dbo].[MiniTag] ([TagID], [MiniID], [Status]) VALUES (8143, 13070, 0)
INSERT INTO [dbo].[MiniTag] ([TagID], [MiniID], [Status]) VALUES (8156, 13070, 0)
INSERT INTO [dbo].[MiniTag] ([TagID], [MiniID], [Status]) VALUES (8157, 13070, 0)
INSERT INTO [dbo].[MiniTag] ([TagID], [MiniID], [Status]) VALUES (8126, 13071, 0)
INSERT INTO [dbo].[MiniTag] ([TagID], [MiniID], [Status]) VALUES (8158, 13071, 0)
INSERT INTO [dbo].[MiniTag] ([TagID], [MiniID], [Status]) VALUES (8159, 13071, 0)
INSERT INTO [dbo].[MiniTag] ([TagID], [MiniID], [Status]) VALUES (8160, 13071, 0)
INSERT INTO [dbo].[MiniTag] ([TagID], [MiniID], [Status]) VALUES (8161, 13071, 0)

